feedback_id,customer_name,feedback_text,submission_date
1,John Doe,"I have been using your app for several months now, and while I appreciate the frequent updates, the latest version seems to have introduced some bugs. Specifically, the app crashes whenever I try to upload a photo, which is a feature I use daily. I hope this can be fixed soon as it's impacting my ability to use the app effectively.",2023-10-01
2,Jane Smith,"The customer service I received was exceptional. I had an issue with my order, and your representative, Alex, was incredibly helpful and resolved my problem within minutes. It's rare to find such dedicated support staff these days. Keep up the great work!",2023-10-02
3,Bob Johnson,"I'm disappointed with the recent changes to your pricing model. The subscription fees have increased without any additional benefits that I can see. As a long-time user, I feel that this move doesn't consider the loyalty of your existing customers. I'm considering switching to a competitor if this isn't addressed.",2023-10-03
4,Alice Williams,"The new user interface is sleek and modern, but it lacks the intuitiveness of the previous design. I find it harder to navigate to the features I use most often, which slows down my workflow. A customizable dashboard would be a great addition to cater to different user preferences.",2023-10-04
5,Michael Brown,"Your product has significantly improved my daily routine. The seamless integration with other tools I use is a huge plus. However, I did notice that the battery consumption has increased, which is a bit concerning. Optimizing for battery life would make this a five-star experience.",2023-10-05
6,Emily Davis,"I recently attended one of your webinars, and it was incredibly informative. The presenter covered all the topics I was interested in and provided practical examples. I would love to see more advanced sessions in the future, perhaps focusing on specific industry applications.",2023-10-06
7,David Wilson,"Unfortunately, my experience with your product has been less than satisfactory. The installation process was complicated, and I had to contact support multiple times. Even after installation, the software runs slowly and often freezes. I expected a more polished product for the price.",2023-10-07
8,Sarah Miller,"I love the new features introduced in the latest update, especially the collaborative tools. They have made teamwork so much easier. However, there seems to be a glitch when multiple users try to edit the same document simultaneously, causing some changes to be lost.",2023-10-08
9,Chris Anderson,"The mobile app is fantastic! It's user-friendly and has all the functionalities of the desktop version. I appreciate the offline mode, which allows me to work during my commute. One suggestion would be to add dark mode support to reduce eye strain during nighttime use.",2023-10-09
10,Patricia Thomas,"I ordered a product from your online store, but when it arrived, it was the wrong color and size. Returning it has been a hassle due to your complicated return policy. Customer service hasn't been helpful, and I'm very frustrated with the overall experience.",2023-10-10
11,Linda Martinez,"Your service has been a lifesaver for my small business. The analytics tools provide valuable insights that have helped us grow. I do wish there were more customizable reporting options, but overall, I'm very satisfied.",2023-10-11
12,James Lee,"After updating the software, I lost all my saved settings and preferences. This is incredibly inconvenient as I had customized the application extensively for my workflow. There should be a way to preserve user settings during updates.",2023-10-12
13,Karen Taylor,"I had high expectations based on the reviews, but the product didn't live up to the hype. The build quality feels cheap, and it doesn't perform as advertised. I'm planning to return it unless there's an update or fix available.",2023-10-13
14,Robert Harris,"The delivery was impressively fast, arriving two days earlier than expected. The packaging was secure, and the product works flawlessly. I couldn't be happier with the purchase and will definitely recommend your company to friends and family.",2023-10-14
15,Nancy Clark,"I encountered an error message that I can't seem to resolve. The FAQ section doesn't cover this issue, and I haven't received a response from customer support. An online support forum where users can help each other would be a great addition.",2023-10-15
16,Kevin Lewis,"The recent partnership with other platforms has expanded the usability of your service dramatically. I now use it daily for both personal and professional tasks. Keep innovating!",2023-10-16
17,Laura Walker,"I'm unhappy with the changes to the privacy policy. The new terms seem to allow for more data collection without clear opt-out options. User privacy should be a top priority, and I hope you'll reconsider these changes.",2023-10-17
18,Brian Young,"The instructional videos are a great resource for new users. They are clear, concise, and cover all the basics. However, I'd like to see more advanced tutorials for experienced users looking to get the most out of the product.",2023-10-18
19,Ashley Hall,"I've been experiencing frequent disconnections when using the app, even though my internet connection is stable. This issue makes it difficult to use the app for any extended period. Please address this in the next update.",2023-10-19
20,Steven Allen,"The customization options are fantastic! I've tailored the product to fit my exact needs, which has improved my productivity significantly. The only minor issue is that some settings are a bit hidden and could be more accessible.",2023-10-20
21,Jessica King,"I appreciate the eco-friendly packaging and sustainable materials used in your products. It's great to see a company taking environmental responsibility seriously. Keep up the good work!",2023-10-21
22,Daniel Wright,"The latest software update has caused compatibility issues with other programs I use. This is causing major disruptions in my workflow. A rollback option or patch would be greatly appreciated.",2023-10-22
23,Megan Scott,"Customer support was unhelpful and took too long to respond. When they finally did, their solution didn't fix my problem. I feel like I'm not valued as a customer.",2023-10-23
24,Ryan Green,"I love the social features added to the app. Connecting with friends and sharing achievements adds a fun element to the experience. Looking forward to more features like this.",2023-10-24
25,Laura Baker,"The product works well, but the lack of documentation makes it hard to explore all its features. A comprehensive user manual would be very helpful.",2023-10-25
26,Joshua Adams,"I had an issue with billing, and your team resolved it promptly. Excellent service! I will continue to use your services and recommend them to others.",2023-10-26
27,Victoria Nelson,"The app drains my phone battery very quickly. Even when it's running in the background, it consumes a lot of power. Please optimize it for better battery usage.",2023-10-27
28,Andrew Carter,"I find the user interface to be cluttered and confusing. Simplifying the design and providing customization options would greatly improve usability.",2023-10-28
29,Rachel Perez,"Your loyalty program is fantastic. The rewards and discounts make me feel appreciated as a regular customer. Keep up the great work!",2023-10-29
30,Brandon Collins,"I encountered a security issue where unauthorized users could access my data. This is a serious concern, and I urge you to address it immediately.",2023-10-30
31,Stephanie Sanchez,"The product quality is excellent, but the customer service leaves much to be desired. Long wait times and unhelpful responses detract from the overall experience.",2023-10-31
32,Aaron Morris,"I appreciate the frequent software updates, but the update process itself is cumbersome. An automatic update option would be a welcome improvement.",2023-11-01
33,Samantha Rogers,"The live chat support feature is fantastic. I got immediate help with my issue, and it was resolved on the spot. This level of service is much appreciated.",2023-11-02
34,Nathan Reed,"I'm experiencing issues with syncing data across devices. Changes made on my laptop don't appear on my phone app. This inconsistency is problematic.",2023-11-03
35,Melissa Cook,"The quality of your products has improved over the years, and I couldn't be happier. The durability and performance are unmatched.",2023-11-04
36,Justin Murphy,"I found a bug that causes the app to freeze when performing a specific action. I've reported it, but haven't heard back. A bug tracking system would help users know that their issues are being addressed.",2023-11-05
37,Amy Bell,"The new training modules are incredibly helpful. They have made onboarding new team members much easier. Great job on providing valuable resources.",2023-11-06
38,Matthew Turner,"The product is decent, but the lack of integration with other popular tools is a drawback. Expanding compatibility would make it much more useful.",2023-11-07
39,Brittany Foster,"I love the personalized recommendations your service provides. It makes discovering new content enjoyable and effortless.",2023-11-08
40,Mark Peterson,"I had high hopes, but the performance issues are a deal-breaker. The app is slow and unresponsive at times, which is frustrating.",2023-11-09
41,Nicole Gray,"Thank you for the quick resolution to my issue. The support team was professional and efficient. I'm very satisfied with the service.",2023-11-10
42,Sean Ramirez,"The lack of a dark mode is disappointing. Many users prefer this option for comfort and battery savings. Please consider adding it.",2023-11-11
43,Lauren Torres,"I appreciate the attention to detail in the product design. It's both aesthetically pleasing and functional. Well done!",2023-11-12
44,Alex Parker,"The recent outage was inconvenient, and there was little communication about what was happening. Better transparency during such events would be appreciated.",2023-11-13
45,Olivia Evans,"I'm impressed with the community you've built around your product. The forums and user groups are very helpful.",2023-11-14
46,Dylan Edwards,"I experienced data loss after a recent update. This is unacceptable as I lost important information. Please address this immediately.",2023-11-15
47,Madison Hughes,"Your promotional offers are confusing and seem misleading. Clearer terms and conditions would prevent customer frustration.",2023-11-16
48,Benjamin Ross,"The product setup was straightforward, and the user interface is intuitive. I'm very pleased with my purchase.",2023-11-17
49,Abigail Price,"I find the ads in the free version to be too intrusive. They disrupt the user experience significantly. Consider less aggressive advertising.",2023-11-18
50,Tyler Mitchell,"Overall, I'm satisfied with the service, but I believe there's room for improvement in customer engagement and feedback mechanisms.",2023-11-19
51,Chloe Brooks,"The tutorial videos are too short and don't cover advanced topics.",2023-11-20
52,Jason Ward,"Great product!",2023-11-21
53,Emma Bailey,"The app keeps crashing. Please fix.",2023-11-22
54,Liam Cooper,"I love it!",2023-11-23
55,Mia Richardson,"Not impressed.",2023-11-24
56,Ethan Perry,"Excellent service as always.",2023-11-25
57,Sophia Cox,"The latest update is fantastic. Well done!",2023-11-26
58,Noah Howard,"Too many bugs.",2023-11-27
59,Grace Kelly,"Very user-friendly interface.",2023-11-28
60,Logan Flores,"Support was not helpful.",2023-11-29
61,Ava James,"The delivery was quick and the product works great.",2023-11-30
62,Lucas Reed,"I don't like the new design.",2023-12-01
63,Isabella Morgan,"Battery life has improved with the latest update.",2023-12-02
64,Mason Hughes,"Why did you remove the best feature?",2023-12-03
65,Evelyn Price,"Five stars!",2023-12-04
66,Oliver Bennett,"Could be better.",2023-12-05
67,Harper Myers,"I'm switching to a competitor.",2023-12-06
68,Elijah Barnes,"The app is very slow.",2023-12-07
69,Amelia Ross,"Customer service was exceptional.",2023-12-08
70,James Foster,"I appreciate the new features.",2023-12-09
71,Charlotte Powell,"The recent changes are confusing.",2023-12-10
72,William Bell,"Great experience overall.",2023-12-11
73,Abigail Simmons,"Not what I expected.",2023-12-12
74,Benjamin Cook,"The product exceeds expectations.",2023-12-13
75,Elizabeth Murphy,"I need help with installation.",2023-12-14
76,Daniel Carter,"The website is hard to navigate.",2023-12-15
77,Sofia Sanders,"Love the new update!",2023-12-16
78,Henry Peterson,"I'm not happy with the purchase.",2023-12-17
79,Victoria Kelly,"Fantastic job on the new features.",2023-12-18
80,Alexander Brooks,"Please fix the login issues.",2023-12-19
81,Ella Foster,"I recommend this to everyone.",2023-12-20
82,Michael Ward,"Poor customer service.",2023-12-21
83,Lily Bell,"The app is intuitive and easy to use.",2023-12-22
84,David Bailey,"Unsatisfied with the product quality.",2023-12-23
85,Zoey Torres,"Quick and easy setup.",2023-12-24
86,Jack Cox,"Features are great but need improvement.",2023-12-25
87,Samantha Rogers,"Will there be an update soon?",2023-12-26
88,Matthew Ramirez,"Thank you for the prompt support.",2023-12-27
89,Natalie Rivera,"I found a glitch in the system.",2023-12-28
90,Luke Gray,"Happy holidays!",2023-12-29
91,Lauren Price,"The app doesn't work on my device.",2023-12-30
92,Jacob Morris,"Can you add more tutorials?",2023-12-31
93,Madison Jenkins,"Best purchase I've made this year.",2024-01-01
94,Andrew Perry,"Disappointed with the lack of features.",2024-01-02
95,Chloe Bennett,"Great customer engagement.",2024-01-03
96,Caleb Butler,"I love the minimalist design.",2024-01-04
97,Avery Brooks,"The app is crashing after the update.",2024-01-05
98,Dylan Coleman,"Looking forward to new features.",2024-01-06
99,Brooklyn Perez,"Not user-friendly.",2024-01-07
100,Ethan Sanchez,"Keep up the good work!",2024-01-08